<?xml version="1.0" encoding="UTF-8"?>
    <addon id="repository.osi.74" name="OSI 74" version="0.1.0" provider-name="GiantPennyProductions">
        <requires>
            <import addon="xbmc.addon" version="12.0.0"/>
        </requires>
        <extension point="xbmc.addon.repository" name="OSI 74">
            <info compressed="false">https://raw.githubusercontent.com/GiantPennyProductions/repository/_repo/addons.xml</info>
            <checksum>https://raw.githubusercontent.com/GiantPennyProductions/repository/_repo/addons.xml.md5</checksum>
            <datadir zip="true">https://raw.githubusercontent.com/GiantPennyProductions/repository/_repo/</datadir>
            <hashes>false</hashes>
        </extension>
        <extension point="xbmc.addon.metadata">
            <summary>Repo for OSI 74</summary>
            <description>ALL SYSTEMS GO!</description>
            <platform>all</platform>
    </extension>
</addon>