<?xml version="1.0" encoding="UTF-8" standalone="yes"?>
<addon id="plugin.video.osi_74"
       name="OSI 74"
       version="1.0"
       provider-name="GiantPennyProductions">
  <requires>
    <import addon="xbmc.python" version="2.1.0"/>
	<import addon="script.module.t0mm0.common" version="2.0.0"/>
    <import addon="script.module.beautifulsoup" version="3.2.1"/>
    <import addon="script.module.simple.downloader" version="0.9.4"/>
    <import addon="script.module.beautifulsoup4" />
    <import addon="script.module.simple.downloader" version="0.9.4"/>
    <import addon="script.module.requests" />
    <import addon="script.module.httplib2" />
    <import addon="script.module.youtube.dl" optional="true"/>
    <import addon="plugin.video.youtube" version="3.0.0"/>
	<import addon="plugin.video.vimeo" version="4.1.4" />
    <import addon="script.module.urlresolver" optional="true"/>
    <import addon="script.module.simplejson" /> 
    <import addon="script.common.plugin.cache" version="2.5.2"/>
    <import addon="script.module.metahandler" version="2.5.1"/>

  </requires>
  <extension point="xbmc.python.pluginsource" library="default.py">
    <provides>video</provides>
  </extension>
  <extension point="xbmc.addon.metadata">
    <summary lang="en">All Systems Go!</summary>
    <description lang="en">OUTER SPACE INTERNATIONAL is an “off world” production colony and distribution network bringing you unusual, experimental, and entertaining programs from many different creative worlds. We’re thinking beyond standard television and learning from the great pioneers of UHF, Home Video, and Early Cable that we grew up with. We’re also taking a bit of inspiration from Drive-In theaters, Backyard movies, Community media, Film festivals, Comic books, “Mom-N-Pop” video stores, and The Space Race. Like it or not, this is the future of Cinema. We want you to be nostalgic about the future again.</description>
    <platform>all</platform>
  </extension>
</addon>
